,Cell Index,Distance Traveled,Velocity,Trajectory
0,1,"[8.776003714082881, 9.402509496355753, 15.998035517584789, 18.447885136648413, 17.764274256300926, 13.249705330988506, 14.51126820143863, 18.872409497377024, 8.320750364078652, 27.97628166145224, 13.254214833810927, 16.12384070681645, 10.206934861866047, 7.212620266545622, 12.341346098761324, 18.47360647020664, 18.548656910855144, 8.965368628982901, 14.76917291504645, 21.733253900221207, 19.786776978827973, 25.29789142710509, 10.748065503546735, 17.290110818001327, 15.365952622600362, 21.666428691212744, 14.895641383686854, 5.723722564904774, 22.56598691464878]","[4.3880018570414405, 4.701254748177877, 7.9990177587923945, 9.223942568324206, 8.882137128150463, 6.624852665494253, 7.255634100719315, 9.436204748688512, 4.160375182039326, 13.98814083072612, 6.627107416905464, 8.061920353408224, 5.103467430933024, 3.606310133272811, 6.170673049380662, 9.23680323510332, 9.274328455427572, 4.4826843144914506, 7.384586457523225, 10.866626950110604, 9.893388489413987, 12.648945713552544, 5.374032751773368, 8.645055409000664, 7.682976311300181, 10.833214345606372, 7.447820691843427, 2.861861282452387, 11.28299345732439]","[(214.14473684210526, 365.4342105263158), (207.45833333333334, 359.75), (199.84615384615384, 354.2307692307692), (188.05263157894737, 343.42105263157896), (191.36363636363637, 325.27272727272725), (208.13333333333333, 331.1333333333333), (218.22222222222223, 339.72222222222223), (224.07692307692307, 353.0), (235.85, 367.75), (229.9047619047619, 373.57142857142856), (257.64285714285717, 377.2142857142857), (270.5882352941176, 380.05882352941177), (261.53333333333336, 393.4), (254.21428571428572, 386.2857142857143), (255.73529411764707, 379.2352941176471), (267.94117647058823, 377.4117647058824), (266.55555555555554, 395.8333333333333), (284.40909090909093, 400.8636363636364), (281.70588235294116, 409.4117647058824), (272.6842105263158, 421.10526315789474), (252.11111111111111, 428.1111111111111), (271.8666666666667, 427.0), (297.14285714285717, 425.95238095238096), (289.27777777777777, 433.27777777777777), (301.35, 420.9), (316.7, 420.2), (333.90909090909093, 433.3636363636364), (348.68, 431.44), (343.25, 433.25), (324.55555555555554, 445.8888888888889)]"
1,2,"[4.124197785223122, 14.24114095463183, 7.553328284014251, 23.572387224173248, 3.346211980260443, 1.156057936307209, 13.223337226700018, 15.094374474135995, 17.503675418309587, 6.6143089650202604, 21.924931686822134, 14.588472635107989, 20.331608184873623, 13.386762615697627, 1.7832038331567952, 22.040997154293066, 18.5, 25.193561900304818, 19.498760871147788, 16.221774498094753, 22.1819945083177, 14.081319107033892, 18.51583891468688, 6.073116822018515, 7.450698841259166, 22.153703867329323, 14.854974637075076, 3.5893022986368197, 2.96958322624084]","[2.062098892611561, 7.120570477315915, 3.7766641420071254, 11.786193612086624, 1.6731059901302214, 0.5780289681536045, 6.611668613350009, 7.547187237067997, 8.751837709154794, 3.3071544825101302, 10.962465843411067, 7.294236317553994, 10.165804092436812, 6.693381307848814, 0.8916019165783976, 11.020498577146533, 9.25, 12.596780950152409, 9.749380435573894, 8.110887249047376, 11.09099725415885, 7.040659553516946, 9.25791945734344, 3.0365584110092576, 3.725349420629583, 11.076851933664662, 7.427487318537538, 1.7946511493184099, 1.48479161312042]","[(489.06382978723406, 121.7872340425532), (485.0444444444444, 122.71111111111111), (484.9117647058824, 108.47058823529412), (491.0, 104.0), (468.2352941176471, 110.11764705882354), (471.5806451612903, 110.19354838709677), (472.72727272727275, 110.3409090909091), (478.0, 98.21428571428571), (463.05263157894734, 100.3157894736842), (461.96153846153845, 82.84615384615384), (457.77272727272725, 77.72727272727273), (435.94117647058823, 75.70588235294117), (427.0, 64.17857142857143), (437.0, 46.476190476190474), (424.2692307692308, 50.61538461538461), (422.6666666666667, 49.833333333333336), (438.0, 34.0), (444.0, 16.5), (426.82142857142856, 34.92857142857143), (445.52, 29.4), (461.7368421052632, 29.0), (447.5625, 11.9375), (443.88235294117646, 25.529411764705884), (429.1363636363636, 36.72727272727273), (427.25, 42.5), (423.09090909090907, 36.31818181818182), (409.28, 53.64), (402.89473684210526, 67.05263157894737), (401.2352941176471, 70.23529411764706), (398.3888888888889, 69.38888888888889)]"
2,3,"[3.835108857622974, 12.118732753365476, 10.813862390670074, 3.40598803836615, 25.289450906662523, 12.812194594925108, 7.8614424106304845, 11.525697180723173, 9.754381537733364, 9.555423718966079, 10.92647038627025, 10.616467762636592, 7.889233169326418, 14.300349646075091, 29.986040581540365, 18.95818470956461, 29.896683514158664, 7.7036267678428425, 11.389352383135087, 11.264734844067355, 2.5081047450469245, 5.51424236656677, 9.315128265271792, 20.80091830855883, 18.69938224207094, 33.34832995985121, 30.377057543481726, 4.144315048620505, 19.84729879755684]","[1.917554428811487, 6.059366376682738, 5.406931195335037, 1.702994019183075, 12.644725453331262, 6.406097297462554, 3.9307212053152423, 5.762848590361586, 4.877190768866682, 4.7777118594830394, 5.463235193135125, 5.308233881318296, 3.944616584663209, 7.1501748230375455, 14.993020290770183, 9.479092354782304, 14.948341757079332, 3.8518133839214213, 5.6946761915675435, 5.632367422033678, 1.2540523725234622, 2.757121183283385, 4.657564132635896, 10.400459154279416, 9.34969112103547, 16.674164979925607, 15.188528771740863, 2.0721575243102524, 9.92364939877842]","[(195.76923076923077, 78.33333333333333), (193.71428571428572, 81.57142857142857), (191.33333333333334, 69.68888888888888), (197.88235294117646, 78.29411764705883), (194.66666666666666, 79.41666666666667), (216.66666666666666, 66.94444444444444), (229.15384615384616, 64.07692307692308), (236.94117647058823, 63.0), (233.5, 74.0), (236.0, 64.57142857142857), (241.0, 56.42857142857143), (249.14285714285714, 49.142857142857146), (245.2, 59.0), (252.0, 63.0), (240.5, 54.5), (243.61764705882354, 24.676470588235293), (257.38709677419354, 11.64516129032258), (286.0425531914894, 20.170212765957448), (287.0, 12.526315789473685), (283.1463414634146, 23.24390243902439), (277.0833333333333, 13.75), (279.5, 13.078947368421053), (279.13953488372096, 18.58139534883721), (270.4318181818182, 15.272727272727273), (290.45454545454544, 20.90909090909091), (295.8333333333333, 3.0), (262.5, 2.0), (292.375, 7.5), (296.4166666666667, 8.416666666666666), (286.9230769230769, 25.846153846153847)]"
3,4,"[18.2688273122342, 13.314004666518642, 0.7824246709115226, 3.6436859669370896, 13.853031787749034, 3.2260483603875443, 8.095957470792372, 12.515655588377955, 14.348225285444958, 8.791161924847557, 12.786875446076303, 8.937840902589427, 28.24068184571881, 15.363087637108721, 4.326018753648714, 23.956748135963696, 13.37063246447227, 27.068542627928828, 13.837979239090059, 24.409040145283956, 15.92726200140801, 19.364029152012776, 3.383784863137723, 25.867590367194218, 15.040465117541586, 10.464851932118714, 10.992733471125012, 7.050990930201501, 23.569969106418903]","[9.1344136561171, 6.657002333259321, 0.3912123354557613, 1.8218429834685448, 6.926515893874517, 1.6130241801937721, 4.047978735396186, 6.2578277941889775, 7.174112642722479, 4.395580962423779, 6.393437723038152, 4.468920451294713, 14.120340922859405, 7.681543818554361, 2.163009376824357, 11.978374067981848, 6.685316232236135, 13.534271313964414, 6.918989619545029, 12.204520072641978, 7.963631000704005, 9.682014576006388, 1.6918924315688615, 12.933795183597109, 7.520232558770793, 5.232425966059357, 5.496366735562506, 3.5254954651007506, 11.784984553209451]","[(447.71153846153845, 96.07692307692308), (430.4583333333333, 102.08333333333333), (417.1578947368421, 102.6842105263158), (417.89473684210526, 102.42105263157895), (421.04545454545456, 100.5909090909091), (407.3478260869565, 98.52173913043478), (406.5, 95.4090909090909), (410.1578947368421, 102.63157894736842), (422.3636363636364, 99.86363636363636), (409.0869565217391, 105.30434782608695), (401.2857142857143, 109.35714285714286), (410.65, 100.65), (419.3, 98.4), (396.25, 82.08333333333333), (390.0, 96.11764705882354), (387.75, 99.8125), (411.5625, 102.4375), (424.32, 106.44), (425.0, 133.5), (417.72727272727275, 145.27272727272728), (411.57894736842104, 168.89473684210526), (399.0, 159.125), (394.9, 140.2), (396.0, 137.0), (418.3636363636364, 124.0), (432.70588235294116, 119.47058823529412), (440.4583333333333, 126.5), (446.7391304347826, 135.52173913043478), (448.37931034482756, 142.3793103448276), (445.84375, 165.8125)]"
4,5,"[5.970800568425748, 12.944921307382327, 16.71460513118267, 18.580096878111263, 17.740864726669894, 6.673824551376963, 36.609236738268734, 17.219009932949763, 6.114923568568384, 15.755326379076525, 30.2328319354677, 13.618572051445291, 7.604683518710895, 10.129690271671686, 12.27293770863357, 12.021413401313888, 28.59443362509015, 23.034147248712696, 15.470279927736406, 20.23897262886374, 16.338840858158672, 12.38875498183736, 16.463074211701773, 13.441133229754104, 13.472240923847972, 44.54354597505962, 10.997755102017438, 34.30840023275075, 23.091424950046868]","[2.985400284212874, 6.472460653691163, 8.357302565591334, 9.290048439055631, 8.870432363334947, 3.3369122756884817, 18.304618369134367, 8.609504966474882, 3.057461784284192, 7.8776631895382625, 15.11641596773385, 6.8092860257226455, 3.8023417593554476, 5.064845135835843, 6.136468854316785, 6.010706700656944, 14.297216812545075, 11.517073624356348, 7.735139963868203, 10.11948631443187, 8.169420429079336, 6.19437749091868, 8.231537105850887, 6.720566614877052, 6.736120461923986, 22.27177298752981, 5.498877551008719, 17.154200116375375, 11.545712475023434]","[(125.93877551020408, 52.16326530612245), (131.88888888888889, 51.666666666666664), (118.94444444444444, 51.77777777777778), (129.6, 38.9), (115.5, 51.0), (98.1875, 47.125), (91.68181818181819, 45.63636363636363), (55.370370370370374, 50.2962962962963), (42.523809523809526, 61.76190476190476), (45.42857142857143, 67.14285714285714), (40.75, 82.1875), (68.52941176470588, 94.11764705882354), (61.333333333333336, 82.55555555555556), (53.75, 83.125), (63.15, 79.35), (55.2, 70.0), (65.81818181818181, 64.36363636363636), (92.71428571428571, 74.07142857142857), (84.4074074074074, 95.55555555555556), (79.16666666666667, 81.0), (61.88235294117647, 70.47058823529412), (50.125, 59.125), (46.95, 47.15), (39.5625, 32.4375), (39.25, 19.0), (35.714285714285715, 6.0), (22.555555555555557, 48.55555555555556), (26.0, 59.0), (19.642857142857142, 92.71428571428571), (34.09090909090909, 110.72727272727273)]"
5,6,"[4.642435773464388, 12.12413211332609, 23.378145838272516, 2.479880159588814, 1.3507343324358527, 13.445811046967158, 2.9905298356747716, 6.884553753869594, 9.344601484962448, 11.072653659131658, 6.457362151185052, 5.265500339679086, 8.042807272066659, 9.853846897366973, 3.174210825816343, 15.998693826646923, 17.351891107311616, 19.97900460483457, 13.69977282695607, 2.796535307370841, 2.505857335854201, 29.143764074962032, 9.558185354171336, 17.60433076407167, 20.050713481347994, 7.360329098922433, 20.931602506045078, 8.285869661430134, 3.2583675920298765]","[2.321217886732194, 6.062066056663045, 11.689072919136258, 1.239940079794407, 0.6753671662179264, 6.722905523483579, 1.4952649178373858, 3.442276876934797, 4.672300742481224, 5.536326829565829, 3.228681075592526, 2.632750169839543, 4.021403636033329, 4.926923448683486, 1.5871054129081714, 7.999346913323461, 8.675945553655808, 9.989502302417286, 6.849886413478035, 1.3982676536854206, 1.2529286679271006, 14.571882037481016, 4.779092677085668, 8.802165382035835, 10.025356740673997, 3.6801645494612165, 10.465801253022539, 4.142934830715067, 1.6291837960149382]","[(405.23333333333335, 109.6), (401.57894736842104, 106.73684210526316), (389.76, 109.44), (406.17391304347825, 126.08695652173913), (406.7142857142857, 123.66666666666667), (406.6363636363636, 122.31818181818181), (396.4, 113.6), (394.1578947368421, 115.57894736842105), (388.11764705882354, 118.88235294117646), (391.7826086956522, 127.47826086956522), (389.4117647058824, 138.2941176470588), (389.55, 144.75), (387.27777777777777, 149.5), (386.2608695652174, 141.52173913043478), (385.5217391304348, 131.69565217391303), (386.7826086956522, 134.6086956521739), (372.5, 127.4), (359.375, 138.75), (379.35, 138.35), (392.42857142857144, 142.42857142857142), (392.55555555555554, 145.22222222222223), (394.5833333333333, 143.75), (382.4782608695652, 170.2608695652174), (377.7027027027027, 178.54054054054055), (379.2, 161.0), (359.8, 166.06666666666666), (353.6, 162.1), (374.27272727272725, 158.8181818181818), (377.4074074074074, 151.14814814814815), (379.3103448275862, 153.79310344827587)]"
6,7,"[17.7624469279199, 23.333293645405536, 15.921806410861109, 4.127361940557998, 11.517537304244463, 5.127933597681826, 15.924233498221732, 11.907012122576951, 22.500602186728997, 16.940511114609155, 7.564372430497421, 7.108858592366719, 11.995916318074608, 16.221813160748166, 10.284184189542897, 9.734969948037627, 9.297934506546481, 18.798740114804914, 15.960283353336601, 10.461108557116091, 15.18614727661859, 3.711026390562263, 29.571964229250444, 18.042750968915378, 7.251114461569656, 22.76777095437254, 15.821211816520101, 22.535124002112905, 31.912179203241834]","[8.88122346395995, 11.666646822702768, 7.960903205430554, 2.063680970278999, 5.758768652122232, 2.563966798840913, 7.962116749110866, 5.953506061288476, 11.250301093364499, 8.470255557304577, 3.7821862152487107, 3.5544292961833595, 5.997958159037304, 8.110906580374083, 5.142092094771448, 4.867484974018813, 4.6489672532732405, 9.399370057402457, 7.980141676668301, 5.230554278558046, 7.593073638309295, 1.8555131952811315, 14.785982114625222, 9.021375484457689, 3.625557230784828, 11.38388547718627, 7.910605908260051, 11.267562001056453, 15.956089601620917]","[(347.3529411764706, 352.8235294117647), (338.3142857142857, 368.1142857142857), (317.1363636363636, 377.90909090909093), (302.7096774193548, 384.64516129032256), (306.8076923076923, 384.15384615384613), (295.2962962962963, 383.77777777777777), (290.6470588235294, 385.94117647058823), (300.53846153846155, 373.46153846153845), (289.05555555555554, 376.6111111111111), (311.35, 379.65), (315.95652173913044, 363.3478260869565), (321.4074074074074, 368.5925925925926), (322.39473684210526, 361.55263157894734), (320.25, 349.75), (305.26666666666665, 343.53333333333336), (304.6666666666667, 353.8), (313.0877192982456, 358.6842105263158), (315.28, 367.72), (299.81481481481484, 378.4074074074074), (286.0, 386.4), (275.89473684210526, 389.10526315789474), (286.0689655172414, 400.37931034482756), (283.0833333333333, 402.5833333333333), (253.57692307692307, 400.61538461538464), (246.9655172413793, 383.82758620689657), (246.8846153846154, 376.5769230769231), (229.5, 361.875), (243.73076923076923, 354.96153846153845), (222.0, 360.92857142857144), (218.65384615384616, 329.1923076923077)]"
7,8,"[18.596477924468335, 11.794876672546842, 18.091612816111333, 12.476555111238525, 22.79513668606006, 5.547406336033316, 2.500744489796784, 11.3749250361586, 11.050632282947216, 19.381833518053494, 7.6191674097726105, 11.857452628009339, 12.231230024797362, 17.925900441040138, 19.729345965451877, 11.082939562154731, 11.941425515511796, 24.881193674135552, 2.6674209806648106, 33.001683458743614, 4.436823772502811, 28.28841437743785, 25.898532379885655, 15.022087455770057, 6.901734056377346, 12.52228136611876, 9.089437941832909, 16.38324826527365, 27.401489606462302]","[9.298238962234167, 5.897438336273421, 9.045806408055666, 6.238277555619263, 11.39756834303003, 2.773703168016658, 1.250372244898392, 5.6874625180793, 5.525316141473608, 9.690916759026747, 3.8095837048863053, 5.9287263140046695, 6.115615012398681, 8.962950220520069, 9.864672982725939, 5.541469781077366, 5.970712757755898, 12.440596837067776, 1.3337104903324053, 16.500841729371807, 2.2184118862514053, 14.144207188718925, 12.949266189942827, 7.511043727885029, 3.450867028188673, 6.26114068305938, 4.544718970916454, 8.191624132636825, 13.700744803231151]","[(278.25, 284.72727272727275), (280.8918918918919, 303.13513513513516), (279.1454545454545, 314.8), (262.70588235294116, 322.3529411764706), (274.375, 317.9375), (286.0967741935484, 298.38709677419354), (280.57142857142856, 297.89285714285717), (278.16129032258067, 297.2258064516129), (276.51851851851853, 308.48148148148147), (280.32142857142856, 318.85714285714283), (273.76190476190476, 337.0952380952381), (279.55, 342.05), (280.8421052631579, 330.2631578947368), (277.1304347826087, 318.60869565217394), (269.0, 302.6326530612245), (272.7391304347826, 283.2608695652174), (282.6, 288.32), (278.45454545454544, 277.1212121212121), (261.0869565217391, 259.30434782608694), (260.375, 261.875), (283.375, 285.5416666666667), (286.27272727272725, 282.1818181818182), (265.7692307692308, 262.6923076923077), (244.5185185185185, 247.88888888888889), (230.2941176470588, 243.05882352941177), (229.75, 236.17857142857142), (242.24, 235.28), (248.72093023255815, 228.90697674418604), (250.57142857142858, 212.62857142857143), (267.24, 190.88)]"
8,9,"[13.121482193998549, 15.535829030732334, 8.997024585765283, 10.409808944239588, 14.453844794149912, 12.780678992762216, 21.061346692291824, 3.7739862674545783, 17.35934509950582, 13.2959892569544, 7.214925631087808, 23.759375017760203, 2.5696256105796222, 21.42157535783085, 22.821036182127884, 15.919151421117698, 25.608524842290915, 32.35338506547092, 23.183301723277744, 9.810498438293065, 11.796634701378931, 17.458327655784114, 13.025458777314526, 27.148096588897367, 14.711524866350521, 8.335441328822903, 26.19243563913733, 19.744570821445503, 19.547820601014134]","[6.5607410969992745, 7.767914515366167, 4.4985122928826415, 5.204904472119794, 7.226922397074956, 6.390339496381108, 10.530673346145912, 1.8869931337272892, 8.67967254975291, 6.6479946284772, 3.607462815543904, 11.879687508880101, 1.2848128052898111, 10.710787678915425, 11.410518091063942, 7.959575710558849, 12.804262421145458, 16.17669253273546, 11.591650861638872, 4.9052492191465324, 5.8983173506894655, 8.729163827892057, 6.512729388657263, 13.574048294448684, 7.3557624331752605, 4.167720664411451, 13.096217819568665, 9.872285410722752, 9.773910300507067]","[(177.66666666666666, 154.2962962962963), (165.3125, 149.875), (180.58823529411765, 152.7058823529412), (178.0, 161.32258064516128), (169.13636363636363, 155.86363636363637), (154.91304347826087, 158.43478260869566), (149.10256410256412, 147.05128205128204), (161.77272727272728, 130.22727272727272), (164.41176470588235, 127.52941176470588), (153.08, 140.68), (139.86206896551724, 139.24137931034483), (135.66666666666666, 145.11111111111111), (119.5, 127.7), (122.0, 128.2941176470588), (119.66666666666667, 107.0), (127.23529411764706, 85.47058823529412), (118.58333333333333, 98.83333333333333), (122.88235294117646, 73.58823529411765), (144.8125, 97.375), (141.69565217391303, 120.34782608695652), (145.0625, 129.5625), (152.25, 138.91666666666666), (165.11764705882354, 127.11764705882354), (173.11111111111111, 116.83333333333333), (155.28571428571428, 96.35714285714286), (161.6153846153846, 83.07692307692308), (159.55555555555554, 75.0), (154.46153846153845, 100.6923076923077), (147.45, 119.15), (129.23809523809524, 112.04761904761905)]"
9,10,"[24.795685682202773, 9.411204140895313, 5.073769239012876, 8.383552973482294, 26.526973719015682, 16.011151284236544, 6.83355916519331, 4.116363011742818, 3.3435218441032224, 4.8811846634624345, 0.9954696855284322, 22.139861641154894, 16.85558606831984, 8.584911401445043, 11.693009417503806, 10.152700822480478, 18.92025620002424, 10.320804830325931, 24.449699561384694, 12.206703531712026, 16.535550926547444, 8.19328993750373, 10.552941196710727, 12.721488103138295, 8.375715014069584, 15.538783295634783, 21.986775283284477, 10.593662938023101, 18.013553924753435]","[12.397842841101387, 4.705602070447656, 2.536884619506438, 4.191776486741147, 13.263486859507841, 8.005575642118272, 3.416779582596655, 2.058181505871409, 1.6717609220516112, 2.4405923317312173, 0.4977348427642161, 11.069930820577447, 8.42779303415992, 4.292455700722521, 5.846504708751903, 5.076350411240239, 9.46012810001212, 5.160402415162966, 12.224849780692347, 6.103351765856013, 8.267775463273722, 4.096644968751865, 5.276470598355363, 6.360744051569148, 4.187857507034792, 7.7693916478173914, 10.993387641642238, 5.2968314690115506, 9.006776962376717]","[(240.83333333333334, 136.83333333333334), (239.41176470588235, 161.58823529411765), (230.44444444444446, 164.44444444444446), (227.21428571428572, 168.35714285714286), (219.1875, 165.9375), (192.76923076923077, 163.53846153846155), (177.16666666666666, 159.94444444444446), (171.0, 157.0), (174.5, 159.16666666666666), (177.78571428571428, 159.78571428571428), (173.66666666666666, 157.16666666666666), (173.53846153846155, 158.15384615384616), (179.16216216216216, 179.56756756756758), (174.9375, 163.25), (171.54545454545453, 155.36363636363637), (176.91666666666666, 165.75), (182.0, 174.53846153846155), (169.8, 189.0), (160.33333333333334, 184.88888888888889), (180.41666666666666, 198.83333333333334), (190.2, 206.13333333333333), (182.5, 191.5), (179.7, 183.8), (184.66666666666666, 193.11111111111111), (172.58823529411765, 189.11764705882354), (172.58064516129033, 180.74193548387098), (171.8421052631579, 196.26315789473685), (185.45833333333334, 179.0), (195.5, 182.375), (208.25, 195.1)]"
10,11,"[11.080941246672069, 10.994530485289168, 12.967259810369328, 9.351518145861284, 14.846267632217534, 11.89821980908953, 17.358928825601524, 10.934266225993044, 7.6274277937043555, 0.6568138999963374, 15.656280323672252, 13.83126821743525, 17.360604527756553, 11.881978943387807, 17.008994368365137, 5.0129746189178395, 13.42208067962757, 11.91172686173221, 12.677211625480007, 10.806011868363443, 4.559355259371449, 1.0376082882679651, 10.547090172702193, 8.274026376869765, 8.550974661262329, 5.9682493245507295, 4.1976183723630935, 6.782375899149931, 7.926133990051297]","[5.540470623336034, 5.497265242644584, 6.483629905184664, 4.675759072930642, 7.423133816108767, 5.949109904544765, 8.679464412800762, 5.467133112996522, 3.8137138968521778, 0.3284069499981687, 7.828140161836126, 6.915634108717625, 8.680302263878277, 5.940989471693904, 8.504497184182569, 2.5064873094589197, 6.711040339813785, 5.955863430866105, 6.338605812740004, 5.403005934181722, 2.2796776296857244, 0.5188041441339826, 5.273545086351096, 4.137013188434882, 4.275487330631164, 2.9841246622753648, 2.0988091861815468, 3.3911879495749657, 3.9630669950256485]","[(116.65853658536585, 319.4146341463415), (113.27272727272727, 308.8636363636364), (103.6470588235294, 314.1764705882353), (95.3, 324.1), (100.18518518518519, 332.0740740740741), (85.38095238095238, 333.1904761904762), (80.89473684210526, 344.2105263157895), (65.89473684210526, 352.94736842105266), (66.46666666666667, 363.8666666666667), (70.23529411764706, 357.2352941176471), (69.57894736842105, 357.2105263157895), (80.0, 345.5263157894737), (90.85714285714286, 354.0952380952381), (75.66666666666667, 362.5), (63.8125, 363.3125), (48.84615384615385, 355.2307692307692), (53.266666666666666, 352.8666666666667), (64.9090909090909, 359.54545454545456), (73.75, 351.5625), (63.89655172413793, 343.58620689655174), (66.92857142857143, 333.2142857142857), (68.0, 328.7826086956522), (67.66666666666667, 327.8), (57.2, 329.1), (65.41379310344827, 328.1034482758621), (56.9, 328.9), (60.0, 334.0), (60.9, 338.1), (60.88235294117647, 344.88235294117646), (61.714285714285715, 337.0)]"
11,12,"[9.427764265454268, 28.46705159308632, 17.269646111504695, 16.74164765579176, 5.680039202237048, 5.323494565079308, 14.707365636138345, 11.053217228984112, 11.722307188760396, 21.926442589649355, 43.193804748545695, 11.146929958586963, 14.589139055991696, 26.074218704088967, 8.824745995460686, 26.22265301919876, 17.842692340394635, 13.344178281823647, 16.593711520308837, 3.9746044451670435, 1.6271572153809937, 5.516975066908412, 3.5147223117899724, 22.38265022188076, 15.559823211720108, 22.136447113512272, 11.980656525219358, 6.035154998343656, 21.077099527294322]","[4.713882132727134, 14.23352579654316, 8.634823055752348, 8.37082382789588, 2.840019601118524, 2.661747282539654, 7.3536828180691725, 5.526608614492056, 5.861153594380198, 10.963221294824677, 21.596902374272847, 5.573464979293481, 7.294569527995848, 13.037109352044483, 4.412372997730343, 13.11132650959938, 8.921346170197317, 6.672089140911823, 8.296855760154418, 1.9873022225835217, 0.8135786076904968, 2.758487533454206, 1.7573611558949862, 11.19132511094038, 7.779911605860054, 11.068223556756136, 5.990328262609679, 3.017577499171828, 10.538549763647161]","[(418.8333333333333, 406.8666666666667), (427.51612903225805, 403.19354838709677), (453.47058823529414, 391.5), (461.48, 376.2), (458.58620689655174, 392.6896551724138), (460.2173913043478, 398.1304347826087), (462.36842105263156, 403.0), (474.4583333333333, 411.375), (475.5416666666667, 422.375), (486.3333333333333, 426.95238095238096), (507.25, 420.375), (464.4871794871795, 426.46153846153845), (461.875, 415.625), (473.72222222222223, 407.1111111111111), (447.9117647058824, 403.4117647058824), (439.24242424242425, 405.06060606060606), (462.11538461538464, 417.88461538461536), (448.8666666666667, 405.93333333333334), (446.46153846153845, 392.8076923076923), (443.125, 409.0625), (443.14814814814815, 413.037037037037), (441.73333333333335, 412.23333333333335), (441.125, 406.75), (439.46153846153845, 409.84615384615387), (459.45454545454544, 419.90909090909093), (444.4074074074074, 423.8703703703704), (435.44444444444446, 444.1111111111111), (447.2105263157895, 446.36842105263156), (442.8636363636364, 442.1818181818182), (463.9375, 441.8125)]"
12,13,"[4.075953715734538, 3.2969596210656404, 2.0871727706330216, 4.115862694146121, 10.395137752280597, 13.500584212467562, 10.630849996563285, 1.160339262254777, 3.7877527840112735, 7.103918080902633, 15.257045447668082, 2.073049718665435, 6.511038522780886, 10.092452169674551, 16.296399291959496, 24.0698270862862, 11.287425869809256, 6.237129768980439, 20.55458139506933, 52.107274418619106, 7.752403287948033, 5.824440257088267, 25.508547889276286, 16.97797585690153, 26.07325820559277, 7.320031352155502, 4.625284673428146, 19.563197400240476, 8.03109150981375]","[2.037976857867269, 1.6484798105328202, 1.0435863853165108, 2.0579313470730605, 5.1975688761402985, 6.750292106233781, 5.315424998281642, 0.5801696311273885, 1.8938763920056367, 3.5519590404513166, 7.628522723834041, 1.0365248593327174, 3.255519261390443, 5.046226084837276, 8.148199645979748, 12.0349135431431, 5.643712934904628, 3.1185648844902194, 10.277290697534665, 26.053637209309553, 3.8762016439740163, 2.9122201285441336, 12.754273944638143, 8.488987928450765, 13.036629102796384, 3.660015676077751, 2.312642336714073, 9.781598700120238, 4.015545754906875]","[(344.26666666666665, 307.1333333333333), (340.47058823529414, 308.61764705882354), (342.2121212121212, 305.8181818181818), (344.09090909090907, 304.90909090909093), (344.1764705882353, 300.79411764705884), (334.26666666666665, 303.93333333333334), (320.96774193548384, 306.258064516129), (311.57142857142856, 301.2857142857143), (310.7567567567568, 300.4594594594595), (313.37142857142857, 303.2), (311.3157894736842, 310.0), (315.8888888888889, 324.55555555555554), (315.2352941176471, 322.5882352941176), (308.75, 323.1666666666667), (311.7368421052632, 313.5263157894737), (301.0, 325.7857142857143), (306.6190476190476, 302.3809523809524), (296.32, 307.0), (291.85714285714283, 302.64285714285717), (275.2, 290.6), (223.76923076923077, 282.2307692307692), (221.46666666666667, 289.6333333333333), (220.52380952380952, 295.3809523809524), (204.08, 275.88), (211.94444444444446, 260.8333333333333), (217.0, 286.4117647058824), (223.625, 289.525), (219.0, 289.4736842105263), (199.44, 289.12), (195.14285714285714, 295.9047619047619)]"
13,14,"[15.72744329895605, 4.427012247169857, 6.905921635046797, 13.792080108683326, 2.863467475523258, 0.8245665878481431, 1.2692955176440022, 0.5270462766947314, 21.71611601975951, 5.914405002895984, 17.46496178536899, 5.599382963252375, 13.379762911036778, 19.1472614843023, 18.96716481046338, 21.91878556456781, 11.297694885659139, 19.12208228894253, 9.4997707505472, 6.34681952284415, 19.95558892746966, 11.081104202706506, 18.220258299486293, 24.885337048149456, 20.80750398827841, 6.121644307479603, 22.158554575461423, 21.084063083953193, 12.418321786294822]","[7.863721649478025, 2.2135061235849287, 3.4529608175233983, 6.896040054341663, 1.431733737761629, 0.41228329392407154, 0.6346477588220011, 0.2635231383473657, 10.858058009879755, 2.957202501447992, 8.732480892684494, 2.7996914816261875, 6.689881455518389, 9.57363074215115, 9.48358240523169, 10.959392782283905, 5.648847442829569, 9.561041144471265, 4.7498853752736, 3.173409761422075, 9.97779446373483, 5.540552101353253, 9.110129149743146, 12.442668524074728, 10.403751994139204, 3.0608221537398017, 11.079277287730712, 10.542031541976597, 6.209160893147411]","[(53.75, 357.0625), (40.972972972972975, 347.8918918918919), (37.854166666666664, 344.75), (30.95744680851064, 345.1063829787234), (41.31578947368421, 336.0), (44.05263157894737, 336.8421052631579), (43.55555555555556, 337.5), (44.05555555555556, 336.3333333333333), (43.888888888888886, 336.8333333333333), (22.26027397260274, 338.7808219178082), (25.5625, 343.6875), (8.238095238095237, 341.4761904761905), (10.9, 336.55), (5.833333333333333, 324.1666666666667), (21.26086956521739, 312.82608695652175), (22.041666666666668, 293.875), (36.193548387096776, 310.61290322580646), (27.125, 303.875), (41.38461538461539, 316.61538461538464), (48.583333333333336, 310.4166666666667), (54.1875, 307.4375), (44.54545454545455, 324.90909090909093), (33.5625, 323.4375), (26.6, 306.6), (50.8, 300.8), (67.33333333333333, 288.1666666666667), (71.70588235294117, 283.88235294117646), (49.5625, 283.0625), (35.904761904761905, 267.0), (40.526315789473685, 255.47368421052633)]"
14,15,"[8.08741173675481, 14.667417031606663, 12.926134412026485, 25.578710056671472, 15.266107297850315, 23.709077316973392, 5.486144163050932, 12.155406461735453, 57.65818681028739, 17.50061556953068, 19.754840429601163, 20.243595917471758, 16.60957853690318, 25.661801945426927, 51.64211042787121, 22.258837969862554, 9.555689858805904, 4.289889372285283, 17.190051698262764, 19.01029909588101, 7.442133790098316, 2.780693799642378, 3.3487949231987515, 2.5746507589597885, 2.1171857015020317, 5.4414618704780215, 7.334083160382264, 3.2609286339255545, 3.816994163532931]","[4.043705868377405, 7.333708515803331, 6.463067206013243, 12.789355028335736, 7.6330536489251575, 11.854538658486696, 2.743072081525466, 6.077703230867726, 28.829093405143695, 8.75030778476534, 9.877420214800582, 10.121797958735879, 8.30478926845159, 12.830900972713463, 25.821055213935605, 11.129418984931277, 4.777844929402952, 2.1449446861426416, 8.595025849131382, 9.505149547940505, 3.721066895049158, 1.390346899821189, 1.6743974615993757, 1.2873253794798942, 1.0585928507510158, 2.7207309352390108, 3.667041580191132, 1.6304643169627773, 1.9084970817664655]","[(64.96875, 321.28125), (60.67567567567568, 328.13513513513516), (74.41935483870968, 333.258064516129), (68.57142857142857, 344.7857142857143), (47.07142857142857, 358.64285714285717), (33.208333333333336, 352.25), (9.6, 350.06666666666666), (12.0, 355.0), (10.0625, 343.0), (20.2, 286.24), (17.9375, 303.59375), (14.0, 284.2352941176471), (10.818181818181818, 304.22727272727275), (16.545454545454547, 288.6363636363636), (32.916666666666664, 268.875), (63.0, 226.9), (45.09090909090909, 213.6818181818182), (35.625, 212.375), (37.95454545454545, 208.77272727272728), (47.71875, 194.625), (55.578947368421055, 177.31578947368422), (55.4375, 169.875), (53.42857142857143, 167.95238095238096), (50.42857142857143, 166.46428571428572), (52.785714285714285, 167.5), (53.77777777777778, 165.62962962962962), (59.130434782608695, 166.6086956521739), (51.8, 166.84), (54.166666666666664, 169.08333333333334), (57.25, 166.83333333333334)]"
